{"stat.pickup.minecraft.repeating_command_block":8,"stat.useItem.minecraft.bow":627,"stat.useItem.minecraft.chain_command_block":7,"stat.useItem.minecraft.painting":81,"stat.leaveGame":114,"stat.useItem.minecraft.bookshelf":506,"stat.drop.minecraft.redstone":37,"stat.useItem.minecraft.repeating_command_block":35,"stat.useItem.minecraft.planks":2946,"stat.pickup.minecraft.golden_boots":1,"stat.drop.minecraft.wooden_door":2,"stat.pickup.minecraft.porkchop":1,"stat.useItem.minecraft.water_bucket":497,"stat.drop.minecraft.iron_sword":6,"stat.pickup.minecraft.rotten_flesh":2759,"stat.drop.minecraft.redstone_torch":6,"stat.useItem.minecraft.golden_sword":331,"stat.drop.minecraft.leather_boots":1,"stat.pickup.minecraft.leather_boots":30,"stat.aviateOneCm":18992,"stat.useItem.minecraft.anvil":10,"stat.pickup.minecraft.chainmail_chestplate":59,"stat.hopperInspected":2,"stat.useItem.minecraft.spawn_egg":5,"stat.drop.minecraft.chainmail_leggings":2,"stat.useItem.minecraft.dark_oak_stairs":143,"stat.drop.minecraft.dark_oak_fence_gate":1,"stat.drop.minecraft.stone_slab":2,"stat.pickup.minecraft.beef":63,"stat.useItem.minecraft.redstone":707,"stat.drop.minecraft.stained_hardened_clay":1,"stat.drop.minecraft.wooden_button":1,"stat.pickup.minecraft.leather_helmet":24,"stat.useItem.minecraft.stained_glass":122,"stat.pickup.minecraft.iron_chestplate":3,"stat.useItem.minecraft.fence":20,"stat.useItem.minecraft.dark_oak_door":1,"stat.useItem.minecraft.flint_and_steel":59,"stat.useItem.minecraft.wooden_button":5,"stat.killEntity.Husk":50,"stat.pickup.minecraft.emerald":2,"stat.pickup.minecraft.lever":599,"stat.deaths":330,"stat.drop.minecraft.chain_command_block":1,"stat.playOneMinute":5020181,"stat.pickup.minecraft.glass_pane":6,"stat.drop.minecraft.chest":1,"stat.drop.minecraft.torch":14,"stat.drop.minecraft.iron_ingot":1,"stat.chestOpened":330,"stat.useItem.minecraft.splash_potion":3,"stat.pickup.minecraft.iron_sword":1,"stat.pickup.minecraft.arrow":130,"stat.pickup.minecraft.gold_nugget":1020,"stat.fallOneCm":302486,"stat.drop.minecraft.stone":1,"stat.pickup.minecraft.carrot":6,"stat.crouchOneCm":338066,"stat.useItem.minecraft.nether_brick_fence":13,"stat.drop.minecraft.book":4,"stat.mineBlock.minecraft.lever":2,"stat.craftingTableInteraction":21,"stat.pickup.minecraft.comparator":8,"stat.pickup.minecraft.repeater":14,"stat.useItem.minecraft.dark_oak_fence":76,"stat.pickup.minecraft.yellow_shulker_box":6,"stat.drop.minecraft.bone":3,"stat.useItem.minecraft.furnace":4,"stat.pickup.minecraft.slime":1,"stat.pickup.minecraft.planks":10,"stat.pickup.minecraft.iron_leggings":4,"stat.useItem.minecraft.stone_sword":195,"stat.killEntity.VindicationIllager":3,"stat.drop.minecraft.reeds":19,"stat.pickup.minecraft.chainmail_boots":56,"stat.useItem.minecraft.iron_bars":154,"stat.useItem.minecraft.torch":158,"stat.pickup.minecraft.golden_apple":580,"stat.drop.minecraft.stone_brick_stairs":8,"stat.drop.minecraft.rotten_flesh":202,"stat.drop.minecraft.porkchop":1,"stat.useItem.minecraft.log":23,"stat.useItem.minecraft.comparator":13,"stat.pickup.minecraft.redstone_block":1,"stat.breakItem.minecraft.golden_helmet":3,"stat.drop.minecraft.sign":14,"stat.useItem.minecraft.nether_wart_block":5,"stat.drop.minecraft.iron_door":1,"stat.drop.minecraft.stonebrick":32,"stat.drop.minecraft.planks":1,"stat.pickup.minecraft.chainmail_leggings":51,"stat.pickup.minecraft.wooden_door":2,"stat.useItem.minecraft.tallgrass":1,"stat.useItem.minecraft.glass_pane":170,"stat.drop.minecraft.bow":1,"stat.useItem.minecraft.iron_sword":550,"stat.useItem.minecraft.barrier":164,"stat.useItem.minecraft.stonebrick":30434,"stat.pickup.minecraft.book":3,"stat.pickup.minecraft.golden_sword":10,"stat.useItem.minecraft.wooden_door":14,"stat.useItem.minecraft.spruce_door":1,"stat.pickup.minecraft.iron_door":7,"stat.drop.minecraft.leather_leggings":1,"stat.sneakTime":211975,"stat.pickup.minecraft.wool":1,"stat.useItem.minecraft.wooden_axe":47,"stat.drop.minecraft.grass":1,"stat.drop.minecraft.wooden_axe":3,"stat.pickup.minecraft.chest":1,"stat.pickup.minecraft.bone":118,"stat.pickup.minecraft.redstone_torch":18,"stat.useItem.minecraft.repeater":234,"stat.useItem.minecraft.iron_axe":23,"stat.useItem.minecraft.log2":45,"stat.mineBlock.minecraft.slime":1,"stat.drop.minecraft.leather_helmet":1,"stat.useItem.minecraft.skull":6,"stat.pickup.minecraft.leather_chestplate":35,"stat.useItem.minecraft.diamond_sword":3845,"stat.swimOneCm":106038,"stat.climbOneCm":180616,"stat.useItem.minecraft.redstone_torch":360,"stat.useItem.minecraft.dirt":82,"stat.pickup.minecraft.golden_helmet":38,"stat.useItem.minecraft.mob_spawner":2,"stat.useItem.minecraft.stone_slab2":33179,"stat.pickup.minecraft.bow":45,"stat.pickup.minecraft.iron_boots":1,"stat.drop.minecraft.golden_helmet":2,"stat.pickup.minecraft.anvil":10,"stat.flyOneCm":24745558,"stat.drop.minecraft.iron_helmet":2,"stat.useItem.minecraft.cooked_beef":2,"stat.drop.minecraft.chainmail_chestplate":2,"stat.pickup.minecraft.redstone":72,"stat.timeSinceDeath":81934,"stat.useItem.minecraft.sign":100,"stat.drop.minecraft.log":1,"stat.useItem.minecraft.wooden_slab":116,"stat.useItem.minecraft.iron_door":70,"stat.drop.minecraft.repeater":8,"stat.useItem.minecraft.lever":79,"stat.drop.minecraft.iron_bars":2,"stat.pickup.minecraft.chainmail_helmet":1,"stat.pickup.minecraft.stonebrick":15,"stat.drop.minecraft.flint_and_steel":1,"stat.drop.minecraft.dirt":4,"stat.drop.minecraft.wool":66,"stat.pickup.minecraft.shield":10,"stat.pickup.minecraft.wooden_sword":78,"stat.useItem.minecraft.sea_lantern":34,"stat.entityKilledBy.Skeleton":30,"stat.drop.minecraft.anvil":1,"stat.useItem.minecraft.written_book":11,"stat.sprintOneCm":3577849,"stat.useItem.minecraft.stone_slab":197,"stat.useItem.minecraft.bed":6,"stat.entityKilledBy.VindicationIllager":1,"stat.drop.minecraft.leaves":1,"stat.useItem.minecraft.carrot":1,"stat.drop.minecraft.lava_bucket":2,"stat.pickup.minecraft.leather_leggings":35,"stat.pickup.minecraft.spawn_egg":9,"stat.drop":246,"stat.useItem.minecraft.wooden_sword":167,"stat.useItem.minecraft.ladder":226,"stat.drop.minecraft.redstone_block":3,"stat.killEntity.Zombie":1006,"stat.diveOneCm":19675,"stat.useItem.minecraft.structure_void":1,"stat.useItem.minecraft.sticky_piston":9,"stat.pickup.minecraft.sign":17,"stat.drop.minecraft.ladder":10,"stat.useItem.minecraft.diamond_axe":14,"stat.drop.minecraft.chainmail_helmet":4,"stat.useItem.minecraft.porkchop":7,"stat.useItem.minecraft.carpet":51,"stat.useItem.minecraft.potion":13,"stat.useItem.minecraft.rotten_flesh":18,"stat.pickup.minecraft.stone_brick_stairs":10,"stat.pickup.minecraft.diamond_sword":23,"stat.jump":15511,"stat.pickup.minecraft.iron_helmet":5,"stat.pickup.minecraft.iron_ingot":12,"stat.breakItem.minecraft.chainmail_chestplate":1,"stat.useItem.minecraft.stone_axe":22,"stat.drop.minecraft.diamond_sword":6,"stat.useItem.minecraft.stone_button":4,"stat.useItem.minecraft.cooked_chicken":2,"stat.drop.minecraft.glass":1,"stat.useItem.minecraft.glass":155,"stat.drop.minecraft.barrier":5,"stat.pickup.minecraft.command_block":22,"stat.pickup.minecraft.iron_axe":16,"stat.damageTaken":76384,"stat.useItem.minecraft.stone_brick_stairs":1260,"stat.mineBlock.minecraft.torch":2,"stat.dispenserInspected":7,"stat.drop.minecraft.water_bucket":1,"stat.useItem.minecraft.slime":23,"stat.pickup.minecraft.reeds":19,"stat.pickup.minecraft.potato":8,"stat.entityKilledBy.Zombie":126,"stat.breakItem.minecraft.chainmail_leggings":1,"stat.damageDealt":516217,"stat.sleepInBed":1,"stat.useItem.minecraft.crafting_table":327,"stat.useItem.minecraft.command_block":111,"stat.walkOneCm":5334712,"stat.useItem.minecraft.chest":232,"stat.useItem.minecraft.lava_bucket":758,"stat.useItem.minecraft.redstone_block":5,"stat.drop.minecraft.leather_chestplate":2,"stat.shulkerBoxOpened":26,"stat.drop.minecraft.emerald":1,"stat.useItem.minecraft.leaves":758,"stat.drop.minecraft.command_block":6,"stat.pickup.minecraft.ladder":9,"stat.useItem.minecraft.concrete":9,"stat.killEntity.Stray":1,"stat.killEntity.Skeleton":89,"stat.pickup.minecraft.barrier":11,"stat.drop.minecraft.lever":68,"stat.drop.minecraft.chainmail_boots":1,"stat.mineBlock.minecraft.redstone_torch":1,"stat.drop.minecraft.crafting_table":2,"stat.drop.minecraft.yellow_shulker_box":4,"stat.mobKills":1580,"stat.entityKilledBy.Husk":11,"stat.useItem.minecraft.golden_apple":23,"stat.useItem.minecraft.cobblestone_wall":47,"stat.useItem.minecraft.writable_book":19,"stat.pickup.minecraft.torch":20,"stat.drop.minecraft.arrow":12,"stat.pickup.minecraft.dark_oak_fence_gate":1}