{
    "__comment": "Made with TheDestruc7i0n's advancements generator: https://advancements.thedestruc7i0n.ca",
    "display": {
        "title": {
            "text": "Daily Quests"
        },
        "description": {
            "text": "Gives you a quest to do every minecraft day!"
        },
        "icon": {
            "item": "minecraft:knowledge_book"
        },
        "frame": "task",
        "show_toast": false,
        "announce_to_chat": false,
        "hidden": false
    },
    "criteria": {
        "tick": {
            "trigger": "minecraft:tick"
        }
    },
    "rewards": {
        "function": "dailys:tick"
    },
    "parent": "iheartstriders:root"
}