{
  "display": {
    "icon": {
      "item": "minecraft:ender_pearl"
    },
    "title": 1,
    "description": 1,
    "frame": "task",
    "show_toast": false,
    "announce_to_chat": false,
    "hidden": true
  },
  "parent": "iheartstriders:root",
  "criteria": {
    "entered_end_gateway": {
      "trigger": "minecraft:enter_block",
      "conditions": {
        "block": "minecraft:end_gateway"
      }
    }
  },
  "requirements": [
    [
      "entered_end_gateway"
    ]
  ],
  "rewards": {
    "function": "dailys:endgateway"
  }
}
